{
  "menu": [
        {
          "id": 0,
          "router": "f",
          "icon": "el-icon-menu",
          "alias": "系统管理"
        },
        {
          "id": 1,
          "icon": "el-icon-star-on",
          "alias": "课程管理",
          "childs": [
            {
              "id": 3,
              "router": "authManage",
              "icon": "el-icon-bell",
              "alias": "权限管理"
            },
            {
              "id": 4,
              "router": "/home/roleManage",
              "icon": "el-icon-bell",
              "alias": "角色管理"
            },
            {
              "id": 2,
              "router": "menuManage",
              "icon": "el-icon-edit",
              "alias": "菜单管理"
            },
            {
              "id": 5,
              "router": "groupManage",
              "icon": "el-icon-mobile-phone",
              "alias": "分组管理"
            }
          ]
        },
        {
          "id": 6,
          "icon": "el-icon-edit-outline",
          "alias": "课程管理",
          "childs": [
            {
              "id": 7,
              "router": "groupManage",
              "icon": "el-icon-mobile-phone",
              "alias": "分组管理"
            }
          ]
        }
      ]
}
