<?xml version="1.0" encoding="UTF-8"?>
<configuration scan="true" scanPeriod="30 seconds" debug="false">
    <contextName>JavaWeb</contextName>
    <property name="log.charset" value="utf-8" />
    <property name="log.pattern" value="%black(%contextName-) %red(%d{yyyy-MM-dd HH:mm:ss}) %green([%thread]) %highlight(%-5level) %boldMagenta(%logger{36}) - %gray(%msg%n)" />

    <!--输出到控制台-->
    <appender name="console" class="ch.qos.logback.core.ConsoleAppender">
        <encoder>
            <pattern>${log.pattern}</pattern>
            <charset>${log.charset}</charset>
        </encoder>
    </appender>

    <!--普通日志输出到控制台-->
    <root level="info">
        <appender-ref ref="console" />
    </root>

    <!--监控sql日志输出 -->
    <logger name="jdbc.sqlonly" level="INFO" additivity="false">
        <appender-ref ref="console" />
    </logger>

    <logger name="jdbc.resultset" level="ERROR" additivity="false">
        <appender-ref ref="console" />
    </logger>

    <!--  如想看到表格数据，将OFF改为INFO  -->
    <logger name="jdbc.resultsettable" level="OFF" additivity="false">
        <appender-ref ref="console" />
    </logger>

    <logger name="jdbc.connection" level="OFF" additivity="false">
        <appender-ref ref="console" />
    </logger>

    <logger name="jdbc.sqltiming" level="OFF" additivity="false">
        <appender-ref ref="console" />
    </logger>

    <logger name="jdbc.audit" level="OFF" additivity="false">
        <appender-ref ref="console" />
    </logger>
</configuration>